https://static.wixstatic.com/media/228af0_ab18203b968447f9bfe1e417b5876937~mv2.jpg/v1/fill/w_228,h_228,al_c,q_80,usm_0.66_1.00_0.01/228af0_ab18203b968447f9bfe1e417b5876937~mv2.jpg
https://static.wixstatic.com/media/228af0_75959fb0d1544751ae2aef6fcb5e72b4~mv2.jpg/v1/fill/w_228,h_228,al_c,q_80,usm_0.66_1.00_0.01/228af0_75959fb0d1544751ae2aef6fcb5e72b4~mv2.jpg
https://static.wixstatic.com/media/228af0_6defbdc954b84a6c855ef08819f354c9~mv2.jpg/v1/fill/w_228,h_228,al_c,q_80,usm_0.66_1.00_0.01/228af0_6defbdc954b84a6c855ef08819f354c9~mv2.jpg
https://static.wixstatic.com/media/228af0_984e002d9a8047aea7e21a57452a2052~mv2.jpg/v1/fill/w_228,h_228,al_c,q_80,usm_0.66_1.00_0.01/228af0_984e002d9a8047aea7e21a57452a2052~mv2.jpg
https://static.wixstatic.com/media/228af0_bae17079cdfd49f0b1148580d06b6fb6~mv2.jpg/v1/fill/w_228,h_228,al_c,q_80,usm_0.66_1.00_0.01/228af0_bae17079cdfd49f0b1148580d06b6fb6~mv2.jpg
https://static.wixstatic.com/media/228af0_4191e81c939d4ce9a3d5ba844a874266~mv2.jpg/v1/fill/w_228,h_228,al_c,q_80,usm_0.66_1.00_0.01/228af0_4191e81c939d4ce9a3d5ba844a874266~mv2.jpg
https://static.wixstatic.com/media/228af0_619e4cdf3e904c48a81bff4bf562302f~mv2.jpg/v1/fill/w_228,h_228,al_c,q_80,usm_0.66_1.00_0.01/228af0_619e4cdf3e904c48a81bff4bf562302f~mv2.jpg
https://static.wixstatic.com/media/228af0_3e53cdfeebbc494ba83a327f29ae3102~mv2.jpg/v1/fill/w_228,h_228,al_c,q_80,usm_0.66_1.00_0.01/228af0_3e53cdfeebbc494ba83a327f29ae3102~mv2.jpg
https://static.wixstatic.com/media/228af0_cbbe02fee2a447cdb881610eb9455401~mv2.jpg/v1/fill/w_228,h_228,al_c,q_80,usm_0.66_1.00_0.01/228af0_cbbe02fee2a447cdb881610eb9455401~mv2.jpg
https://static.wixstatic.com/media/228af0_f2bffcf67cc4471baa582a0816fb8783~mv2.jpg/v1/fill/w_228,h_228,al_c,q_80,usm_0.66_1.00_0.01/228af0_f2bffcf67cc4471baa582a0816fb8783~mv2.jpg
https://static.wixstatic.com/media/228af0_6aac558656a64c4697fa94f22431b925~mv2.jpg/v1/fill/w_228,h_228,al_c,q_80,usm_0.66_1.00_0.01/228af0_6aac558656a64c4697fa94f22431b925~mv2.jpg
https://static.wixstatic.com/media/228af0_48f952d30415409ca3bd90f9a46fe76c~mv2.jpg/v1/fill/w_228,h_228,al_c,q_80,usm_0.66_1.00_0.01/228af0_48f952d30415409ca3bd90f9a46fe76c~mv2.jpg
https://static.wixstatic.com/media/228af0_549f273fc0bb45ac9b7ea02ad3a90db3~mv2.jpg/v1/fill/w_228,h_228,al_c,q_80,usm_0.66_1.00_0.01/228af0_549f273fc0bb45ac9b7ea02ad3a90db3~mv2.jpg
https://static.wixstatic.com/media/228af0_262e57fa6c7745b5bc65901db366f9e2~mv2.jpg/v1/fill/w_228,h_228,al_c,q_80,usm_0.66_1.00_0.01/228af0_262e57fa6c7745b5bc65901db366f9e2~mv2.jpg
https://static.wixstatic.com/media/228af0_893dab0bf2de47c987ab5cc3ccd5b173~mv2.jpg/v1/fill/w_228,h_228,al_c,q_80,usm_0.66_1.00_0.01/228af0_893dab0bf2de47c987ab5cc3ccd5b173~mv2.jpg
https://static.wixstatic.com/media/228af0_4e0841d9242c4822b041ee969ed85729~mv2.jpg/v1/fill/w_228,h_228,al_c,q_80,usm_0.66_1.00_0.01/228af0_4e0841d9242c4822b041ee969ed85729~mv2.jpg
https://static.wixstatic.com/media/228af0_d6fea7232f1441fa909aeb26314ccfaf~mv2.jpg/v1/fill/w_228,h_228,al_c,q_80,usm_0.66_1.00_0.01/228af0_d6fea7232f1441fa909aeb26314ccfaf~mv2.jpg
https://static.wixstatic.com/media/228af0_a3bcf367b9464383b87b4c6b3591d082~mv2.jpg/v1/fill/w_228,h_228,al_c,q_80,usm_0.66_1.00_0.01/228af0_a3bcf367b9464383b87b4c6b3591d082~mv2.jpg
https://static.wixstatic.com/media/228af0_71cf82f342df46ad8ed6b26aa49bb19c~mv2.jpg/v1/fill/w_228,h_228,al_c,q_80,usm_0.66_1.00_0.01/228af0_71cf82f342df46ad8ed6b26aa49bb19c~mv2.jpg
https://static.wixstatic.com/media/2096a7_a27b74bd46924d1ea1523546bd593f79~mv2.jpg/v1/fill/w_228,h_228,al_c,q_80,usm_0.66_1.00_0.01/2096a7_a27b74bd46924d1ea1523546bd593f79~mv2.jpg
https://static.wixstatic.com/media/228af0_2a95f9799c1b45bda39d3ad581961f8f~mv2.jpg/v1/fill/w_228,h_228,al_c,q_80,usm_0.66_1.00_0.01/228af0_2a95f9799c1b45bda39d3ad581961f8f~mv2.jpg
https://static.wixstatic.com/media/228af0_dfd16aafbe7a4927ad42b082c1e8fc35~mv2.jpg/v1/fill/w_228,h_228,al_c,q_80,usm_0.66_1.00_0.01/228af0_dfd16aafbe7a4927ad42b082c1e8fc35~mv2.jpg
https://static.wixstatic.com/media/228af0_eb8401acaa4f43f0a1ab94c8580b83b5~mv2.jpg/v1/fill/w_228,h_228,al_c,q_80,usm_0.66_1.00_0.01/228af0_eb8401acaa4f43f0a1ab94c8580b83b5~mv2.jpg
https://static.wixstatic.com/media/228af0_f6dce0bfbf3f4f70a1e7edfdd4834a39~mv2.jpg/v1/fill/w_228,h_228,al_c,q_80,usm_0.66_1.00_0.01/228af0_f6dce0bfbf3f4f70a1e7edfdd4834a39~mv2.jpg
https://static.wixstatic.com/media/228af0_ce4f2b1fcdc6460bb87908530448d987~mv2.jpg/v1/fill/w_228,h_228,al_c,q_80,usm_0.66_1.00_0.01/228af0_ce4f2b1fcdc6460bb87908530448d987~mv2.jpg
https://static.wixstatic.com/media/228af0_abaf7458eb17427ca9e3708a69c88f8a~mv2.jpg/v1/fill/w_228,h_228,al_c,q_80,usm_0.66_1.00_0.01/228af0_abaf7458eb17427ca9e3708a69c88f8a~mv2.jpg
https://static.wixstatic.com/media/228af0_d927a11322494dea8a1de4b6bb3b0754~mv2.jpg/v1/fill/w_228,h_228,al_c,q_80,usm_0.66_1.00_0.01/228af0_d927a11322494dea8a1de4b6bb3b0754~mv2.jpg
https://static.wixstatic.com/media/228af0_c7ba13900eeb40f7b982ec784453b319~mv2.jpg/v1/fill/w_228,h_228,al_c,q_80,usm_0.66_1.00_0.01/228af0_c7ba13900eeb40f7b982ec784453b319~mv2.jpg
https://static.wixstatic.com/media/228af0_5d2092fa919d4f55947b87dbaa924b32~mv2.jpg/v1/fill/w_228,h_228,al_c,q_80,usm_0.66_1.00_0.01/228af0_5d2092fa919d4f55947b87dbaa924b32~mv2.jpg
https://static.wixstatic.com/media/228af0_139f3061620143f9876f70f7a2461d73~mv2.jpg/v1/fill/w_228,h_228,al_c,q_80,usm_0.66_1.00_0.01/228af0_139f3061620143f9876f70f7a2461d73~mv2.jpg
https://static.wixstatic.com/media/228af0_3fcc88019f1a44afb46a76d10c0f886c~mv2.jpg/v1/fill/w_228,h_228,al_c,q_80,usm_0.66_1.00_0.01/228af0_3fcc88019f1a44afb46a76d10c0f886c~mv2.jpg
https://static.wixstatic.com/media/228af0_b23300e5e21a4b7494ccadbe0213aeb7~mv2.jpg/v1/fill/w_228,h_228,al_c,q_80,usm_0.66_1.00_0.01/228af0_b23300e5e21a4b7494ccadbe0213aeb7~mv2.jpg
https://static.wixstatic.com/media/228af0_ff35018eacae40958cee0bb68a2865a2~mv2.jpg/v1/fill/w_228,h_228,al_c,q_80,usm_0.66_1.00_0.01/228af0_ff35018eacae40958cee0bb68a2865a2~mv2.jpg
https://static.wixstatic.com/media/228af0_cb8db178a44d455da95903d544cf4474~mv2.jpg/v1/fill/w_228,h_228,al_c,q_80,usm_0.66_1.00_0.01/228af0_cb8db178a44d455da95903d544cf4474~mv2.jpg
https://static.wixstatic.com/media/228af0_8ee47e37cdf74c26ad675fbfc71a0b9a~mv2.jpg/v1/fill/w_228,h_228,al_c,q_80,usm_0.66_1.00_0.01/228af0_8ee47e37cdf74c26ad675fbfc71a0b9a~mv2.jpg
https://static.wixstatic.com/media/228af0_ee9585a2be2d404e88d7350957f9086c~mv2.jpg/v1/fill/w_228,h_228,al_c,q_80,usm_0.66_1.00_0.01/228af0_ee9585a2be2d404e88d7350957f9086c~mv2.jpg
https://static.wixstatic.com/media/228af0_56a8efbd8a534224b1db19e6a919b454~mv2.jpg/v1/fill/w_228,h_228,al_c,q_80,usm_0.66_1.00_0.01/228af0_56a8efbd8a534224b1db19e6a919b454~mv2.jpg
https://static.wixstatic.com/media/228af0_d318d4e1803d446dbf8b5053413c21b5~mv2.jpg/v1/fill/w_228,h_228,al_c,q_80,usm_0.66_1.00_0.01/228af0_d318d4e1803d446dbf8b5053413c21b5~mv2.jpg
https://static.wixstatic.com/media/228af0_9ae9f686db8a4952beec0fc73a0d93fc~mv2.jpg/v1/fill/w_228,h_228,al_c,q_80,usm_0.66_1.00_0.01/228af0_9ae9f686db8a4952beec0fc73a0d93fc~mv2.jpg
https://static.wixstatic.com/media/228af0_15827e9a4669485295a6f927d74d75d0~mv2.jpg/v1/fill/w_228,h_228,al_c,q_80,usm_0.66_1.00_0.01/228af0_15827e9a4669485295a6f927d74d75d0~mv2.jpg
https://static.wixstatic.com/media/228af0_2b49617b03054c31ac7fc81bc20809d6~mv2.jpg/v1/fill/w_228,h_228,al_c,q_80,usm_0.66_1.00_0.01/228af0_2b49617b03054c31ac7fc81bc20809d6~mv2.jpg
https://static.wixstatic.com/media/228af0_12bb0c1b7643479986c7a1ff473832b6~mv2.jpg/v1/fill/w_228,h_228,al_c,q_80,usm_0.66_1.00_0.01/228af0_12bb0c1b7643479986c7a1ff473832b6~mv2.jpg
https://static.wixstatic.com/media/228af0_f81cf628ae504bbcbc2d29903f1e07d6~mv2.jpg/v1/fill/w_228,h_228,al_c,q_80,usm_0.66_1.00_0.01/228af0_f81cf628ae504bbcbc2d29903f1e07d6~mv2.jpg
https://static.wixstatic.com/media/228af0_6b81e7d80cfa4a23bf6bc56ff5dc070e~mv2_d_2448_3264_s_4_2.jpg/v1/fill/w_228,h_228,al_c,q_80,usm_0.66_1.00_0.01/228af0_6b81e7d80cfa4a23bf6bc56ff5dc070e~mv2_d_2448_3264_s_4_2.jpg
https://static.wixstatic.com/media/228af0_1093817edf174013832d787ee1815604~mv2_d_2448_3264_s_4_2.jpg/v1/fill/w_228,h_228,al_c,q_80,usm_0.66_1.00_0.01/228af0_1093817edf174013832d787ee1815604~mv2_d_2448_3264_s_4_2.jpg
https://static.wixstatic.com/media/228af0_7c2757373588413b9c37ab7753ffe583~mv2_d_2448_3264_s_4_2.jpg/v1/fill/w_228,h_228,al_c,q_80,usm_0.66_1.00_0.01/228af0_7c2757373588413b9c37ab7753ffe583~mv2_d_2448_3264_s_4_2.jpg
https://static.wixstatic.com/media/228af0_57d94bb0958d43a3a47344ed53caa862~mv2.jpg/v1/fill/w_228,h_228,al_c,q_80,usm_0.66_1.00_0.01/228af0_57d94bb0958d43a3a47344ed53caa862~mv2.jpg
https://static.wixstatic.com/media/228af0_abe4a21754f44b908d96244d74217f96~mv2.jpg/v1/fill/w_228,h_228,al_c,q_80,usm_0.66_1.00_0.01/228af0_abe4a21754f44b908d96244d74217f96~mv2.jpg
https://static.wixstatic.com/media/228af0_2daff1d895f9466bbc9774eae7865211~mv2_d_2448_3264_s_4_2.jpg/v1/fill/w_228,h_228,al_c,q_80,usm_0.66_1.00_0.01/228af0_2daff1d895f9466bbc9774eae7865211~mv2_d_2448_3264_s_4_2.jpg
https://static.wixstatic.com/media/228af0_bbfd14b3d1144e1d8ca435f91f8935b2~mv2_d_2448_3264_s_4_2.jpg/v1/fill/w_228,h_228,al_c,q_80,usm_0.66_1.00_0.01/228af0_bbfd14b3d1144e1d8ca435f91f8935b2~mv2_d_2448_3264_s_4_2.jpg
https://static.wixstatic.com/media/228af0_50d2e6d743254c789ee548add444f5f1~mv2_d_2448_3264_s_4_2.jpg/v1/fill/w_228,h_228,al_c,q_80,usm_0.66_1.00_0.01/228af0_50d2e6d743254c789ee548add444f5f1~mv2_d_2448_3264_s_4_2.jpg
https://static.wixstatic.com/media/228af0_e55b8e4868304b16899bb0235adb7353~mv2_d_2448_3264_s_4_2.jpg/v1/fill/w_228,h_228,al_c,q_80,usm_0.66_1.00_0.01/228af0_e55b8e4868304b16899bb0235adb7353~mv2_d_2448_3264_s_4_2.jpg
https://static.wixstatic.com/media/228af0_26779bc6707b4c5dba24f0795ca85b7b~mv2_d_2448_3264_s_4_2.jpg/v1/fill/w_228,h_228,al_c,q_80,usm_0.66_1.00_0.01/228af0_26779bc6707b4c5dba24f0795ca85b7b~mv2_d_2448_3264_s_4_2.jpg
https://static.wixstatic.com/media/228af0_77885b8830034ac28fb3b5d1c5ebbc4c~mv2_d_2448_3264_s_4_2.jpg/v1/fill/w_228,h_228,al_c,q_80,usm_0.66_1.00_0.01/228af0_77885b8830034ac28fb3b5d1c5ebbc4c~mv2_d_2448_3264_s_4_2.jpg
https://static.wixstatic.com/media/228af0_aaf813e2d56048f1b926b5eb2163c05d~mv2_d_2448_3264_s_4_2.jpg/v1/fill/w_228,h_228,al_c,q_80,usm_0.66_1.00_0.01/228af0_aaf813e2d56048f1b926b5eb2163c05d~mv2_d_2448_3264_s_4_2.jpg
https://static.wixstatic.com/media/228af0_f40438bb807e441d84236bc9edd6ecce~mv2_d_5936_3957_s_4_2.jpg/v1/fill/w_228,h_228,al_c,q_80,usm_0.66_1.00_0.01/228af0_f40438bb807e441d84236bc9edd6ecce~mv2_d_5936_3957_s_4_2.jpg
https://static.wixstatic.com/media/d0c909_d0e7d728a4424b819a62cbfcccfc9c4a~mv2_d_6000_4000_s_4_2.jpg/v1/fill/w_228,h_228,al_c,q_80,usm_0.66_1.00_0.01/d0c909_d0e7d728a4424b819a62cbfcccfc9c4a~mv2_d_6000_4000_s_4_2.jpg
https://static.wixstatic.com/media/d0c909_86e47ec0cf1340df9eca5f6a39067694~mv2_d_6000_4000_s_4_2.jpg/v1/fill/w_228,h_228,al_c,q_80,usm_0.66_1.00_0.01/d0c909_86e47ec0cf1340df9eca5f6a39067694~mv2_d_6000_4000_s_4_2.jpg
https://static.wixstatic.com/media/d0c909_332559f1a8eb44469dcf82c959420948~mv2_d_6000_4000_s_4_2.jpg/v1/fill/w_228,h_228,al_c,q_80,usm_0.66_1.00_0.01/d0c909_332559f1a8eb44469dcf82c959420948~mv2_d_6000_4000_s_4_2.jpg
https://static.wixstatic.com/media/d0c909_47b1001d458f4cc0a7c8884b1fa881ca~mv2_d_6000_4000_s_4_2.jpg/v1/fill/w_228,h_228,al_c,q_80,usm_0.66_1.00_0.01/d0c909_47b1001d458f4cc0a7c8884b1fa881ca~mv2_d_6000_4000_s_4_2.jpg
https://static.wixstatic.com/media/d0c909_beff2451285e426882c3a2f45cc6d4bc~mv2_d_6000_4000_s_4_2.jpg/v1/fill/w_228,h_228,al_c,q_80,usm_0.66_1.00_0.01/d0c909_beff2451285e426882c3a2f45cc6d4bc~mv2_d_6000_4000_s_4_2.jpg
https://static.wixstatic.com/media/d0c909_99f053805d7742fcbe4be0cd89a09937~mv2_d_6000_4000_s_4_2.jpg/v1/fill/w_228,h_228,al_c,q_80,usm_0.66_1.00_0.01/d0c909_99f053805d7742fcbe4be0cd89a09937~mv2_d_6000_4000_s_4_2.jpg
https://static.wixstatic.com/media/d0c909_96f53d48a9334b57aaaaa12672fc1841~mv2_d_6000_4000_s_4_2.jpg/v1/fill/w_228,h_228,al_c,q_80,usm_0.66_1.00_0.01/d0c909_96f53d48a9334b57aaaaa12672fc1841~mv2_d_6000_4000_s_4_2.jpg
https://static.wixstatic.com/media/d0c909_a399bb937f6a41d2ac9677490b83a278~mv2_d_6000_4000_s_4_2.jpg/v1/fill/w_228,h_228,al_c,q_80,usm_0.66_1.00_0.01/d0c909_a399bb937f6a41d2ac9677490b83a278~mv2_d_6000_4000_s_4_2.jpg
https://static.wixstatic.com/media/d0c909_7b200e0e8e58460e88a6607cb3e576da~mv2_d_5708_3805_s_4_2.jpg/v1/fill/w_228,h_228,al_c,q_80,usm_0.66_1.00_0.01/d0c909_7b200e0e8e58460e88a6607cb3e576da~mv2_d_5708_3805_s_4_2.jpg
https://static.wixstatic.com/media/d0c909_5fd30b1fdd434d60a9fd4e1413503fd4~mv2_d_5983_3841_s_4_2.jpg/v1/fill/w_228,h_228,al_c,q_80,usm_0.66_1.00_0.01/d0c909_5fd30b1fdd434d60a9fd4e1413503fd4~mv2_d_5983_3841_s_4_2.jpg
https://static.wixstatic.com/media/d0c909_a38f156abecb436bb0d00b92d46f469a~mv2_d_6000_4000_s_4_2.jpg/v1/fill/w_228,h_228,al_c,q_80,usm_0.66_1.00_0.01/d0c909_a38f156abecb436bb0d00b92d46f469a~mv2_d_6000_4000_s_4_2.jpg
https://static.wixstatic.com/media/d0c909_568355c622de48e291fbb1890ad0c136~mv2_d_6000_4000_s_4_2.jpg/v1/fill/w_228,h_228,al_c,q_80,usm_0.66_1.00_0.01/d0c909_568355c622de48e291fbb1890ad0c136~mv2_d_6000_4000_s_4_2.jpg
https://static.wixstatic.com/media/d0c909_82ee90a5963d487ab68aafbd1461f0fb~mv2_d_5941_3961_s_4_2.jpg/v1/fill/w_228,h_228,al_c,q_80,usm_0.66_1.00_0.01/d0c909_82ee90a5963d487ab68aafbd1461f0fb~mv2_d_5941_3961_s_4_2.jpg
https://static.wixstatic.com/media/d0c909_87126c4afdf943d9842d967401f02027~mv2_d_6000_4000_s_4_2.jpg/v1/fill/w_228,h_228,al_c,q_80,usm_0.66_1.00_0.01/d0c909_87126c4afdf943d9842d967401f02027~mv2_d_6000_4000_s_4_2.jpg
https://static.wixstatic.com/media/d0c909_50d394e99edb4f98840d2625881d85b8~mv2_d_6000_4000_s_4_2.jpg/v1/fill/w_228,h_228,al_c,q_80,usm_0.66_1.00_0.01/d0c909_50d394e99edb4f98840d2625881d85b8~mv2_d_6000_4000_s_4_2.jpg
https://static.wixstatic.com/media/d0c909_5cf0953beb714015b587c1c918019f61~mv2_d_6000_4000_s_4_2.jpg/v1/fill/w_228,h_228,al_c,q_80,usm_0.66_1.00_0.01/d0c909_5cf0953beb714015b587c1c918019f61~mv2_d_6000_4000_s_4_2.jpg
https://static.wixstatic.com/media/d0c909_7f2a37b4637746f0a3cfe8b7bcd44707~mv2_d_6000_4000_s_4_2.jpg/v1/fill/w_228,h_228,al_c,q_80,usm_0.66_1.00_0.01/d0c909_7f2a37b4637746f0a3cfe8b7bcd44707~mv2_d_6000_4000_s_4_2.jpg
https://static.wixstatic.com/media/d0c909_e21d3675e8e7482393b83c12ff811699~mv2_d_5848_3899_s_4_2.jpg/v1/fill/w_228,h_228,al_c,q_80,usm_0.66_1.00_0.01/d0c909_e21d3675e8e7482393b83c12ff811699~mv2_d_5848_3899_s_4_2.jpg
https://static.wixstatic.com/media/d0c909_2125e1fc528145c68e51a7db4106009c~mv2_d_5877_3918_s_4_2.jpg/v1/fill/w_228,h_228,al_c,q_80,usm_0.66_1.00_0.01/d0c909_2125e1fc528145c68e51a7db4106009c~mv2_d_5877_3918_s_4_2.jpg
https://static.wixstatic.com/media/d0c909_3ff3968ae69d4bc78b4dad6d858022f9~mv2_d_6000_4000_s_4_2.jpg/v1/fill/w_228,h_228,al_c,q_80,usm_0.66_1.00_0.01/d0c909_3ff3968ae69d4bc78b4dad6d858022f9~mv2_d_6000_4000_s_4_2.jpg
https://static.wixstatic.com/media/d0c909_a2f9caf4969a41ce9f8aae26cef5e5b9~mv2_d_6000_4000_s_4_2.jpg/v1/fill/w_228,h_228,al_c,q_80,usm_0.66_1.00_0.01/d0c909_a2f9caf4969a41ce9f8aae26cef5e5b9~mv2_d_6000_4000_s_4_2.jpg
https://static.wixstatic.com/media/d0c909_7e25e0ef640948348b29be94d793fb95~mv2_d_5974_3983_s_4_2.jpg/v1/fill/w_228,h_228,al_c,q_80,usm_0.66_1.00_0.01/d0c909_7e25e0ef640948348b29be94d793fb95~mv2_d_5974_3983_s_4_2.jpg
https://static.wixstatic.com/media/d0c909_007717eec8a24071af18a53f7270751b~mv2_d_6000_4000_s_4_2.jpg/v1/fill/w_228,h_228,al_c,q_80,usm_0.66_1.00_0.01/d0c909_007717eec8a24071af18a53f7270751b~mv2_d_6000_4000_s_4_2.jpg
https://static.wixstatic.com/media/d0c909_b66601ca52824bb7aea4553e18782ff2~mv2_d_6000_4000_s_4_2.jpg/v1/fill/w_228,h_228,al_c,q_80,usm_0.66_1.00_0.01/d0c909_b66601ca52824bb7aea4553e18782ff2~mv2_d_6000_4000_s_4_2.jpg
https://static.wixstatic.com/media/d0c909_1261a321bc3e4fd59c2a2770f22841c7~mv2_d_6000_4000_s_4_2.jpg/v1/fill/w_228,h_228,al_c,q_80,usm_0.66_1.00_0.01/d0c909_1261a321bc3e4fd59c2a2770f22841c7~mv2_d_6000_4000_s_4_2.jpg
https://static.wixstatic.com/media/d0c909_bb93286569154f1790f16b82af29b51f~mv2_d_6000_4000_s_4_2.jpg/v1/fill/w_228,h_228,al_c,q_80,usm_0.66_1.00_0.01/d0c909_bb93286569154f1790f16b82af29b51f~mv2_d_6000_4000_s_4_2.jpg
https://static.wixstatic.com/media/d0c909_9d83b8cc903a4cafb7c6b2e9077c0f7b~mv2_d_6000_4000_s_4_2.jpg/v1/fill/w_228,h_228,al_c,q_80,usm_0.66_1.00_0.01/d0c909_9d83b8cc903a4cafb7c6b2e9077c0f7b~mv2_d_6000_4000_s_4_2.jpg
https://static.wixstatic.com/media/d0c909_eee0cd6103b94983990fc10bc60492ab~mv2_d_6000_4000_s_4_2.jpg/v1/fill/w_228,h_228,al_c,q_80,usm_0.66_1.00_0.01/d0c909_eee0cd6103b94983990fc10bc60492ab~mv2_d_6000_4000_s_4_2.jpg
https://static.wixstatic.com/media/d0c909_61636751e09b4a48806cfb5b7661e11d~mv2_d_6000_4000_s_4_2.jpg/v1/fill/w_228,h_228,al_c,q_80,usm_0.66_1.00_0.01/d0c909_61636751e09b4a48806cfb5b7661e11d~mv2_d_6000_4000_s_4_2.jpg
https://static.wixstatic.com/media/d0c909_7475c97e712548c29f96ac21dfd77d9e~mv2_d_6000_4000_s_4_2.jpg/v1/fill/w_228,h_228,al_c,q_80,usm_0.66_1.00_0.01/d0c909_7475c97e712548c29f96ac21dfd77d9e~mv2_d_6000_4000_s_4_2.jpg
https://static.wixstatic.com/media/d0c909_7afea7c5f8f34dd8b5d148cd4aabf795~mv2_d_6000_4000_s_4_2.jpg/v1/fill/w_228,h_228,al_c,q_80,usm_0.66_1.00_0.01/d0c909_7afea7c5f8f34dd8b5d148cd4aabf795~mv2_d_6000_4000_s_4_2.jpg
https://static.wixstatic.com/media/d0c909_1cd260a16a9341abb5a19475f9530793~mv2_d_6000_4000_s_4_2.jpg/v1/fill/w_228,h_228,al_c,q_80,usm_0.66_1.00_0.01/d0c909_1cd260a16a9341abb5a19475f9530793~mv2_d_6000_4000_s_4_2.jpg
https://static.wixstatic.com/media/d0c909_ffadd0c9856b4abea4540038ea1dab13~mv2_d_5892_3928_s_4_2.jpg/v1/fill/w_228,h_228,al_c,q_80,usm_0.66_1.00_0.01/d0c909_ffadd0c9856b4abea4540038ea1dab13~mv2_d_5892_3928_s_4_2.jpg
https://static.wixstatic.com/media/d0c909_754b3dfdb47d4eb6b8034a10b2b5c036~mv2_d_5749_3833_s_4_2.jpg/v1/fill/w_228,h_228,al_c,q_80,usm_0.66_1.00_0.01/d0c909_754b3dfdb47d4eb6b8034a10b2b5c036~mv2_d_5749_3833_s_4_2.jpg
https://static.wixstatic.com/media/d0c909_057cefe664d54e27b26d8104a047a07c~mv2_d_5163_3808_s_4_2.jpg/v1/fill/w_228,h_228,al_c,q_80,usm_0.66_1.00_0.01/d0c909_057cefe664d54e27b26d8104a047a07c~mv2_d_5163_3808_s_4_2.jpg
https://static.wixstatic.com/media/d0c909_69b701c93ac745bfb5ef393e56cd0a59~mv2_d_6000_4000_s_4_2.jpg/v1/fill/w_228,h_228,al_c,q_80,usm_0.66_1.00_0.01/d0c909_69b701c93ac745bfb5ef393e56cd0a59~mv2_d_6000_4000_s_4_2.jpg
https://static.wixstatic.com/media/d0c909_3cd03b53f32f492fb598af02e9ea4d60~mv2_d_6000_4000_s_4_2.jpg/v1/fill/w_228,h_228,al_c,q_80,usm_0.66_1.00_0.01/d0c909_3cd03b53f32f492fb598af02e9ea4d60~mv2_d_6000_4000_s_4_2.jpg
https://static.wixstatic.com/media/d0c909_de642e7e60d641cf9774ebe628a876a0~mv2_d_5807_3871_s_4_2.jpg/v1/fill/w_228,h_228,al_c,q_80,usm_0.66_1.00_0.01/d0c909_de642e7e60d641cf9774ebe628a876a0~mv2_d_5807_3871_s_4_2.jpg
https://static.wixstatic.com/media/d0c909_c3da485b7a6246bbbefb509399d3d7f0~mv2_d_5879_3919_s_4_2.jpg/v1/fill/w_228,h_228,al_c,q_80,usm_0.66_1.00_0.01/d0c909_c3da485b7a6246bbbefb509399d3d7f0~mv2_d_5879_3919_s_4_2.jpg
https://static.wixstatic.com/media/d0c909_d3973604ee0742ce89f44911036cae30~mv2_d_6000_4000_s_4_2.jpg/v1/fill/w_228,h_228,al_c,q_80,usm_0.66_1.00_0.01/d0c909_d3973604ee0742ce89f44911036cae30~mv2_d_6000_4000_s_4_2.jpg
https://static.wixstatic.com/media/d0c909_57151aa281bd4814ae7513c41dee29f1~mv2_d_6000_4000_s_4_2.jpg/v1/fill/w_228,h_228,al_c,q_80,usm_0.66_1.00_0.01/d0c909_57151aa281bd4814ae7513c41dee29f1~mv2_d_6000_4000_s_4_2.jpg
https://static.wixstatic.com/media/d0c909_8cc45aa14be1464e8d6b48d767119377~mv2_d_5615_4000_s_4_2.jpg/v1/fill/w_228,h_228,al_c,q_80,usm_0.66_1.00_0.01/d0c909_8cc45aa14be1464e8d6b48d767119377~mv2_d_5615_4000_s_4_2.jpg
https://static.wixstatic.com/media/d0c909_a982ead5035148ae86a328c6f83d2640~mv2.jpg/v1/fill/w_228,h_228,al_c,q_80,usm_0.66_1.00_0.01/d0c909_a982ead5035148ae86a328c6f83d2640~mv2.jpg
https://static.wixstatic.com/media/d0c909_36a869edc06d480e8d52d4cc5f6e1dbc~mv2.jpg/v1/fill/w_228,h_228,al_c,q_80,usm_0.66_1.00_0.01/d0c909_36a869edc06d480e8d52d4cc5f6e1dbc~mv2.jpg
https://static.wixstatic.com/media/d0c909_8a9b6533bb8a4a2d948fb143bf25eba3~mv2.jpg/v1/fill/w_228,h_228,al_c,q_80,usm_0.66_1.00_0.01/d0c909_8a9b6533bb8a4a2d948fb143bf25eba3~mv2.jpg
https://static.wixstatic.com/media/d0c909_7dff5987ee1f46d09d74dce0f1086043~mv2.jpg/v1/fill/w_228,h_228,al_c,q_80,usm_0.66_1.00_0.01/d0c909_7dff5987ee1f46d09d74dce0f1086043~mv2.jpg
https://static.wixstatic.com/media/d0c909_f5cf6cf8386b41649c7f529f198c95cb~mv2_d_5849_3899_s_4_2.jpg/v1/fill/w_228,h_228,al_c,q_80,usm_0.66_1.00_0.01/d0c909_f5cf6cf8386b41649c7f529f198c95cb~mv2_d_5849_3899_s_4_2.jpg
https://static.wixstatic.com/media/d0c909_cd8bdd9897c743c38bbf38b519329ea7~mv2.jpg/v1/fill/w_228,h_228,al_c,q_80,usm_0.66_1.00_0.01/d0c909_cd8bdd9897c743c38bbf38b519329ea7~mv2.jpg
https://static.wixstatic.com/media/d0c909_f347b40cfc3d4ed886bb22901f7ac32b~mv2.jpg/v1/fill/w_228,h_228,al_c,q_80,usm_0.66_1.00_0.01/d0c909_f347b40cfc3d4ed886bb22901f7ac32b~mv2.jpg
https://static.wixstatic.com/media/d0c909_13bd8f089e0145a7bb316fac0b278902~mv2.jpg/v1/fill/w_228,h_228,al_c,q_80,usm_0.66_1.00_0.01/d0c909_13bd8f089e0145a7bb316fac0b278902~mv2.jpg
https://static.wixstatic.com/media/d0c909_40086dda6d9a4967ae9735ab43a32727~mv2_d_5657_3771_s_4_2.jpg/v1/fill/w_228,h_228,al_c,q_80,usm_0.66_1.00_0.01/d0c909_40086dda6d9a4967ae9735ab43a32727~mv2_d_5657_3771_s_4_2.jpg
https://static.wixstatic.com/media/d0c909_ad0a1da011ae42a48fd0c2b7d3736952~mv2_d_5843_3895_s_4_2.jpg/v1/fill/w_228,h_228,al_c,q_80,usm_0.66_1.00_0.01/d0c909_ad0a1da011ae42a48fd0c2b7d3736952~mv2_d_5843_3895_s_4_2.jpg
https://static.wixstatic.com/media/d0c909_4f842c41b66040fa82df65ca1846c772~mv2.jpg/v1/fill/w_228,h_228,al_c,q_80,usm_0.66_1.00_0.01/d0c909_4f842c41b66040fa82df65ca1846c772~mv2.jpg
https://static.wixstatic.com/media/d0c909_4077fc105ab8454fb221cd13b55a5175~mv2.jpg/v1/fill/w_228,h_228,al_c,q_80,usm_0.66_1.00_0.01/d0c909_4077fc105ab8454fb221cd13b55a5175~mv2.jpg
https://static.wixstatic.com/media/228af0_74bd704a0fbc4a348f62794199c4d3b7~mv2_d_2448_3264_s_4_2.jpg/v1/fill/w_228,h_228,al_c,q_80,usm_0.66_1.00_0.01/228af0_74bd704a0fbc4a348f62794199c4d3b7~mv2_d_2448_3264_s_4_2.jpg
https://static.wixstatic.com/media/d0c909_baf97ca82e0d43f180bcb547cfdb2dc7~mv2_d_6000_4000_s_4_2.jpg/v1/fill/w_228,h_228,al_c,q_80,usm_0.66_1.00_0.01/d0c909_baf97ca82e0d43f180bcb547cfdb2dc7~mv2_d_6000_4000_s_4_2.jpg
https://static.wixstatic.com/media/d0c909_7e16e916e447469fb9fcecd016c00db5~mv2_d_4000_6000_s_4_2.jpg/v1/fill/w_228,h_228,al_c,q_80,usm_0.66_1.00_0.01/d0c909_7e16e916e447469fb9fcecd016c00db5~mv2_d_4000_6000_s_4_2.jpg
https://static.wixstatic.com/media/d0c909_2ab60f57a22f406ab786e677c1988e77~mv2_d_4000_6000_s_4_2.jpg/v1/fill/w_228,h_228,al_c,q_80,usm_0.66_1.00_0.01/d0c909_2ab60f57a22f406ab786e677c1988e77~mv2_d_4000_6000_s_4_2.jpg
https://static.wixstatic.com/media/d0c909_5e2b504751984f939e2d5f84d706d9b7~mv2_d_3290_4060_s_4_2.jpg/v1/fill/w_228,h_228,al_c,q_80,usm_0.66_1.00_0.01/d0c909_5e2b504751984f939e2d5f84d706d9b7~mv2_d_3290_4060_s_4_2.jpg
https://static.wixstatic.com/media/d0c909_fc4a5d386dac412d9afad1de125015c3~mv2_d_4000_6000_s_4_2.jpg/v1/fill/w_228,h_228,al_c,q_80,usm_0.66_1.00_0.01/d0c909_fc4a5d386dac412d9afad1de125015c3~mv2_d_4000_6000_s_4_2.jpg
https://static.wixstatic.com/media/d0c909_db0a10053fa2477a9a99a49dbfc68596~mv2_d_4000_6000_s_4_2.jpg/v1/fill/w_228,h_228,al_c,q_80,usm_0.66_1.00_0.01/d0c909_db0a10053fa2477a9a99a49dbfc68596~mv2_d_4000_6000_s_4_2.jpg
https://static.wixstatic.com/media/d0c909_0ae0a8f5f8844c5195c0fc3222a323ab~mv2_d_5558_3742_s_4_2.jpg/v1/fill/w_228,h_228,al_c,q_80,usm_0.66_1.00_0.01/d0c909_0ae0a8f5f8844c5195c0fc3222a323ab~mv2_d_5558_3742_s_4_2.jpg
https://static.wixstatic.com/media/d0c909_974d9ef1821c428ea5484dcddc206fde~mv2_d_6000_3865_s_4_2.jpg/v1/fill/w_228,h_228,al_c,q_80,usm_0.66_1.00_0.01/d0c909_974d9ef1821c428ea5484dcddc206fde~mv2_d_6000_3865_s_4_2.jpg
https://static.wixstatic.com/media/d0c909_223eb8747ee74f3dbe97d68373261ec8~mv2_d_5944_3963_s_4_2.jpg/v1/fill/w_228,h_228,al_c,q_80,usm_0.66_1.00_0.01/d0c909_223eb8747ee74f3dbe97d68373261ec8~mv2_d_5944_3963_s_4_2.jpg
https://static.wixstatic.com/media/d0c909_a1b16d0fbd5c4ba19b18b26696a30321~mv2_d_5945_3963_s_4_2.jpg/v1/fill/w_228,h_228,al_c,q_80,usm_0.66_1.00_0.01/d0c909_a1b16d0fbd5c4ba19b18b26696a30321~mv2_d_5945_3963_s_4_2.jpg
https://static.wixstatic.com/media/d0c909_a845841c61954593b4a0fa9c9658c552~mv2_d_6000_4000_s_4_2.jpg/v1/fill/w_228,h_228,al_c,q_80,usm_0.66_1.00_0.01/d0c909_a845841c61954593b4a0fa9c9658c552~mv2_d_6000_4000_s_4_2.jpg
https://static.wixstatic.com/media/d0c909_10c6cb2ed54840a4bb46d026c4397191~mv2_d_6000_4000_s_4_2.jpg/v1/fill/w_228,h_228,al_c,q_80,usm_0.66_1.00_0.01/d0c909_10c6cb2ed54840a4bb46d026c4397191~mv2_d_6000_4000_s_4_2.jpg
https://static.wixstatic.com/media/d0c909_eb78a1f7c8d142febe84c6b70d9e7d7c~mv2_d_6000_4000_s_4_2.jpg/v1/fill/w_228,h_228,al_c,q_80,usm_0.66_1.00_0.01/d0c909_eb78a1f7c8d142febe84c6b70d9e7d7c~mv2_d_6000_4000_s_4_2.jpg
https://static.wixstatic.com/media/d0c909_01c9415c4326462a991259e062b84d3a~mv2_d_6000_4000_s_4_2.jpg/v1/fill/w_228,h_228,al_c,q_80,usm_0.66_1.00_0.01/d0c909_01c9415c4326462a991259e062b84d3a~mv2_d_6000_4000_s_4_2.jpg
https://static.wixstatic.com/media/d0c909_8df51f6927ee4f3b9eb8fda2d8bc544e~mv2_d_6000_4000_s_4_2.jpg/v1/fill/w_228,h_228,al_c,q_80,usm_0.66_1.00_0.01/d0c909_8df51f6927ee4f3b9eb8fda2d8bc544e~mv2_d_6000_4000_s_4_2.jpg
https://static.wixstatic.com/media/d0c909_17eb17afc3574140b5d1d6fad7f983c3~mv2_d_6000_4000_s_4_2.jpg/v1/fill/w_228,h_228,al_c,q_80,usm_0.66_1.00_0.01/d0c909_17eb17afc3574140b5d1d6fad7f983c3~mv2_d_6000_4000_s_4_2.jpg
https://static.wixstatic.com/media/d0c909_3dc367955ed441df86ac0266774f9290~mv2_d_6000_4000_s_4_2.jpg/v1/fill/w_228,h_228,al_c,q_80,usm_0.66_1.00_0.01/d0c909_3dc367955ed441df86ac0266774f9290~mv2_d_6000_4000_s_4_2.jpg
https://static.wixstatic.com/media/d0c909_a68ea1d44889486c8d96267707d257b3~mv2_d_5926_3951_s_4_2.jpg/v1/fill/w_228,h_228,al_c,q_80,usm_0.66_1.00_0.01/d0c909_a68ea1d44889486c8d96267707d257b3~mv2_d_5926_3951_s_4_2.jpg
https://static.wixstatic.com/media/d0c909_7b545765f90244709ae487bb4c06b17c~mv2_d_6000_4000_s_4_2.jpg/v1/fill/w_228,h_228,al_c,q_80,usm_0.66_1.00_0.01/d0c909_7b545765f90244709ae487bb4c06b17c~mv2_d_6000_4000_s_4_2.jpg
https://static.wixstatic.com/media/d0c909_8c79645c00934b79b59634ee888fb49b~mv2_d_5987_3991_s_4_2.jpg/v1/fill/w_228,h_228,al_c,q_80,usm_0.66_1.00_0.01/d0c909_8c79645c00934b79b59634ee888fb49b~mv2_d_5987_3991_s_4_2.jpg
https://static.wixstatic.com/media/d0c909_0ffeb612fc794cc4aaf3dd6dbfa9f55e~mv2_d_5978_3985_s_4_2.jpg/v1/fill/w_228,h_228,al_c,q_80,usm_0.66_1.00_0.01/d0c909_0ffeb612fc794cc4aaf3dd6dbfa9f55e~mv2_d_5978_3985_s_4_2.jpg
https://static.wixstatic.com/media/d0c909_dbcabff756754ef88f790fb386373a6a~mv2.jpg/v1/fill/w_228,h_228,al_c,q_80,usm_0.66_1.00_0.01/d0c909_dbcabff756754ef88f790fb386373a6a~mv2.jpg
https://static.wixstatic.com/media/d0c909_2765295a96ca45a19cacaf1140bdc3af~mv2_d_6000_4000_s_4_2.jpg/v1/fill/w_228,h_228,al_c,q_80,usm_0.66_1.00_0.01/d0c909_2765295a96ca45a19cacaf1140bdc3af~mv2_d_6000_4000_s_4_2.jpg
https://static.wixstatic.com/media/d0c909_8fefaa45bcd6440bbd78980defddbc69~mv2_d_6000_4000_s_4_2.jpg/v1/fill/w_228,h_228,al_c,q_80,usm_0.66_1.00_0.01/d0c909_8fefaa45bcd6440bbd78980defddbc69~mv2_d_6000_4000_s_4_2.jpg
https://static.wixstatic.com/media/d0c909_313b520787574970876430257f27402c~mv2_d_6000_4000_s_4_2.jpg/v1/fill/w_228,h_228,al_c,q_80,usm_0.66_1.00_0.01/d0c909_313b520787574970876430257f27402c~mv2_d_6000_4000_s_4_2.jpg
https://static.wixstatic.com/media/d0c909_b7addda296c141cfbff0778eb1837826~mv2_d_6000_4000_s_4_2.jpg/v1/fill/w_228,h_228,al_c,q_80,usm_0.66_1.00_0.01/d0c909_b7addda296c141cfbff0778eb1837826~mv2_d_6000_4000_s_4_2.jpg
https://static.wixstatic.com/media/d0c909_d2d740e9ae834485ad9df97d9a603127~mv2_d_6000_4000_s_4_2.jpg/v1/fill/w_228,h_228,al_c,q_80,usm_0.66_1.00_0.01/d0c909_d2d740e9ae834485ad9df97d9a603127~mv2_d_6000_4000_s_4_2.jpg
https://static.wixstatic.com/media/d0c909_9e0b2a98b6734a0a81457ca104fde1fa~mv2_d_6000_4000_s_4_2.jpg/v1/fill/w_228,h_228,al_c,q_80,usm_0.66_1.00_0.01/d0c909_9e0b2a98b6734a0a81457ca104fde1fa~mv2_d_6000_4000_s_4_2.jpg
https://static.wixstatic.com/media/d0c909_701725180d21451fad54e50d9f1dd4d5~mv2_d_6000_4000_s_4_2.jpg/v1/fill/w_228,h_228,al_c,q_80,usm_0.66_1.00_0.01/d0c909_701725180d21451fad54e50d9f1dd4d5~mv2_d_6000_4000_s_4_2.jpg
https://static.wixstatic.com/media/d0c909_eebf231cb27a4dc0929a779a8f17bc24~mv2_d_6000_4000_s_4_2.jpg/v1/fill/w_228,h_228,al_c,q_80,usm_0.66_1.00_0.01/d0c909_eebf231cb27a4dc0929a779a8f17bc24~mv2_d_6000_4000_s_4_2.jpg
https://static.wixstatic.com/media/d0c909_b5c3e07cfd2f49fb9e1dff9fcea94fa3~mv2_d_6000_4000_s_4_2.jpg/v1/fill/w_228,h_228,al_c,q_80,usm_0.66_1.00_0.01/d0c909_b5c3e07cfd2f49fb9e1dff9fcea94fa3~mv2_d_6000_4000_s_4_2.jpg
https://static.wixstatic.com/media/d0c909_df3bc6bc78b54ded96d9289fcb28719a~mv2_d_6000_4000_s_4_2.jpg/v1/fill/w_228,h_228,al_c,q_80,usm_0.66_1.00_0.01/d0c909_df3bc6bc78b54ded96d9289fcb28719a~mv2_d_6000_4000_s_4_2.jpg
https://static.wixstatic.com/media/d0c909_6b25e2a26acb4233acc569d86bfd21a0~mv2_d_5789_3859_s_4_2.jpg/v1/fill/w_228,h_228,al_c,q_80,usm_0.66_1.00_0.01/d0c909_6b25e2a26acb4233acc569d86bfd21a0~mv2_d_5789_3859_s_4_2.jpg
https://static.wixstatic.com/media/d0c909_51fade6e288b472fbbf7ae9c3b2b2745~mv2_d_6000_4000_s_4_2.jpg/v1/fill/w_228,h_228,al_c,q_80,usm_0.66_1.00_0.01/d0c909_51fade6e288b472fbbf7ae9c3b2b2745~mv2_d_6000_4000_s_4_2.jpg
https://static.wixstatic.com/media/d0c909_463e17f1b62a40f790fd14436e7d285c~mv2_d_5866_3911_s_4_2.jpg/v1/fill/w_228,h_228,al_c,q_80,usm_0.66_1.00_0.01/d0c909_463e17f1b62a40f790fd14436e7d285c~mv2_d_5866_3911_s_4_2.jpg
https://static.wixstatic.com/media/d0c909_f8edc0e1aade435888e8567ed155870f~mv2_d_6000_4000_s_4_2.jpg/v1/fill/w_228,h_228,al_c,q_80,usm_0.66_1.00_0.01/d0c909_f8edc0e1aade435888e8567ed155870f~mv2_d_6000_4000_s_4_2.jpg
https://static.wixstatic.com/media/d0c909_0b68cfb789bf4e30bd7f577d4f166e6f~mv2_d_6000_4000_s_4_2.jpg/v1/fill/w_228,h_228,al_c,q_80,usm_0.66_1.00_0.01/d0c909_0b68cfb789bf4e30bd7f577d4f166e6f~mv2_d_6000_4000_s_4_2.jpg
https://static.wixstatic.com/media/d0c909_c35e978283a34151a49d907b26046c76~mv2_d_6000_4000_s_4_2.jpg/v1/fill/w_228,h_228,al_c,q_80,usm_0.66_1.00_0.01/d0c909_c35e978283a34151a49d907b26046c76~mv2_d_6000_4000_s_4_2.jpg
https://static.wixstatic.com/media/d0c909_581471ab29624f3fbd5959abd29c1205~mv2_d_6000_4000_s_4_2.jpg/v1/fill/w_228,h_228,al_c,q_80,usm_0.66_1.00_0.01/d0c909_581471ab29624f3fbd5959abd29c1205~mv2_d_6000_4000_s_4_2.jpg
https://static.wixstatic.com/media/d0c909_64c5c2bd3e904976b2da944b32f91c02~mv2_d_6000_4000_s_4_2.jpg/v1/fill/w_228,h_228,al_c,q_80,usm_0.66_1.00_0.01/d0c909_64c5c2bd3e904976b2da944b32f91c02~mv2_d_6000_4000_s_4_2.jpg
https://static.wixstatic.com/media/d0c909_5cae3ef6178e485abb8621ef79a840fe~mv2_d_6000_4000_s_4_2.jpg/v1/fill/w_228,h_228,al_c,q_80,usm_0.66_1.00_0.01/d0c909_5cae3ef6178e485abb8621ef79a840fe~mv2_d_6000_4000_s_4_2.jpg
https://static.wixstatic.com/media/d0c909_5fef8cbcb6c44d9fb1c668fa8fd342d0~mv2_d_6000_4000_s_4_2.jpg/v1/fill/w_228,h_228,al_c,q_80,usm_0.66_1.00_0.01/d0c909_5fef8cbcb6c44d9fb1c668fa8fd342d0~mv2_d_6000_4000_s_4_2.jpg
https://static.wixstatic.com/media/d0c909_206f595813664977ba524e29a4d54af9~mv2_d_6000_4000_s_4_2.jpg/v1/fill/w_228,h_228,al_c,q_80,usm_0.66_1.00_0.01/d0c909_206f595813664977ba524e29a4d54af9~mv2_d_6000_4000_s_4_2.jpg
https://static.wixstatic.com/media/d0c909_ba47299724a540b2a794e2e9d461481c~mv2_d_6000_4000_s_4_2.jpg/v1/fill/w_228,h_228,al_c,q_80,usm_0.66_1.00_0.01/d0c909_ba47299724a540b2a794e2e9d461481c~mv2_d_6000_4000_s_4_2.jpg
https://static.wixstatic.com/media/d0c909_fb555d9aea3e4dd88fd769b54d4f6d70~mv2_d_6000_3723_s_4_2.jpg/v1/fill/w_228,h_228,al_c,q_80,usm_0.66_1.00_0.01/d0c909_fb555d9aea3e4dd88fd769b54d4f6d70~mv2_d_6000_3723_s_4_2.jpg
https://static.wixstatic.com/media/d0c909_a5edc3512eb541f28b8fae37aa7eeaec~mv2_d_5993_3806_s_4_2.jpg/v1/fill/w_228,h_228,al_c,q_80,usm_0.66_1.00_0.01/d0c909_a5edc3512eb541f28b8fae37aa7eeaec~mv2_d_5993_3806_s_4_2.jpg
https://static.wixstatic.com/media/d0c909_75a27764e9204fabbcb2d53b1efd0b83~mv2_d_5993_3806_s_4_2.jpg/v1/fill/w_228,h_228,al_c,q_80,usm_0.66_1.00_0.01/d0c909_75a27764e9204fabbcb2d53b1efd0b83~mv2_d_5993_3806_s_4_2.jpg
https://static.wixstatic.com/media/d0c909_b331f0a85e6540ff9a0fc9e79b977e96~mv2_d_6000_4000_s_4_2.jpg/v1/fill/w_228,h_228,al_c,q_80,usm_0.66_1.00_0.01/d0c909_b331f0a85e6540ff9a0fc9e79b977e96~mv2_d_6000_4000_s_4_2.jpg
https://static.wixstatic.com/media/d0c909_d6d0490fdcb74bf89dd40fb11fbd8be6~mv2_d_6000_4000_s_4_2.jpg/v1/fill/w_228,h_228,al_c,q_80,usm_0.66_1.00_0.01/d0c909_d6d0490fdcb74bf89dd40fb11fbd8be6~mv2_d_6000_4000_s_4_2.jpg
https://static.wixstatic.com/media/d0c909_b8ff6d43f8a94ab9b8f94d63cc824900~mv2_d_5879_3561_s_4_2.jpg/v1/fill/w_228,h_228,al_c,q_80,usm_0.66_1.00_0.01/d0c909_b8ff6d43f8a94ab9b8f94d63cc824900~mv2_d_5879_3561_s_4_2.jpg
https://static.wixstatic.com/media/d0c909_1b047295747040ae989cfdf85bbb906a~mv2_d_6000_4000_s_4_2.jpg/v1/fill/w_228,h_228,al_c,q_80,usm_0.66_1.00_0.01/d0c909_1b047295747040ae989cfdf85bbb906a~mv2_d_6000_4000_s_4_2.jpg
https://static.wixstatic.com/media/d0c909_f95ff4a4a0c442689531655910b3768a~mv2_d_6000_4000_s_4_2.jpg/v1/fill/w_228,h_228,al_c,q_80,usm_0.66_1.00_0.01/d0c909_f95ff4a4a0c442689531655910b3768a~mv2_d_6000_4000_s_4_2.jpg
https://static.wixstatic.com/media/d0c909_595ac1c200ae49b2a125cc21bdd037ae~mv2_d_4000_6000_s_4_2.jpg/v1/fill/w_228,h_228,al_c,q_80,usm_0.66_1.00_0.01/d0c909_595ac1c200ae49b2a125cc21bdd037ae~mv2_d_4000_6000_s_4_2.jpg
https://static.wixstatic.com/media/d0c909_011864d4a48f424b82acdacca81391fa~mv2_d_4000_6000_s_4_2.jpg/v1/fill/w_228,h_228,al_c,q_80,usm_0.66_1.00_0.01/d0c909_011864d4a48f424b82acdacca81391fa~mv2_d_4000_6000_s_4_2.jpg
https://static.wixstatic.com/media/d0c909_7ca3c089d74840eb913975e81fabec9c~mv2_d_4000_6000_s_4_2.jpg/v1/fill/w_228,h_228,al_c,q_80,usm_0.66_1.00_0.01/d0c909_7ca3c089d74840eb913975e81fabec9c~mv2_d_4000_6000_s_4_2.jpg
https://static.wixstatic.com/media/d0c909_e1470102aa7d48eca7cad15da0a18a6c~mv2_d_4000_6000_s_4_2.jpg/v1/fill/w_228,h_228,al_c,q_80,usm_0.66_1.00_0.01/d0c909_e1470102aa7d48eca7cad15da0a18a6c~mv2_d_4000_6000_s_4_2.jpg
https://static.wixstatic.com/media/d0c909_99366d708d3e4e77bc1c855869fd271a~mv2_d_4000_6000_s_4_2.jpg/v1/fill/w_228,h_228,al_c,q_80,usm_0.66_1.00_0.01/d0c909_99366d708d3e4e77bc1c855869fd271a~mv2_d_4000_6000_s_4_2.jpg
https://static.wixstatic.com/media/d0c909_6f656cc9379b48d7bbe54575181110a8~mv2_d_4000_6000_s_4_2.jpg/v1/fill/w_228,h_228,al_c,q_80,usm_0.66_1.00_0.01/d0c909_6f656cc9379b48d7bbe54575181110a8~mv2_d_4000_6000_s_4_2.jpg
https://static.wixstatic.com/media/d0c909_c67599ee944e44358183c46f96649c5c~mv2_d_4000_6000_s_4_2.jpg/v1/fill/w_228,h_228,al_c,q_80,usm_0.66_1.00_0.01/d0c909_c67599ee944e44358183c46f96649c5c~mv2_d_4000_6000_s_4_2.jpg
https://static.wixstatic.com/media/d0c909_0ccc3115e1da472280cf49b29d72ead9~mv2_d_4000_6000_s_4_2.jpg/v1/fill/w_228,h_228,al_c,q_80,usm_0.66_1.00_0.01/d0c909_0ccc3115e1da472280cf49b29d72ead9~mv2_d_4000_6000_s_4_2.jpg
https://static.wixstatic.com/media/d0c909_bb93827ba0d24eab9fbc3a24aa700d98~mv2_d_4000_6000_s_4_2.jpg/v1/fill/w_228,h_228,al_c,q_80,usm_0.66_1.00_0.01/d0c909_bb93827ba0d24eab9fbc3a24aa700d98~mv2_d_4000_6000_s_4_2.jpg
https://static.wixstatic.com/media/d0c909_71d8d913e331480c84f20fd3e491a44d~mv2_d_3978_5132_s_4_2.jpg/v1/fill/w_228,h_228,al_c,q_80,usm_0.66_1.00_0.01/d0c909_71d8d913e331480c84f20fd3e491a44d~mv2_d_3978_5132_s_4_2.jpg
https://static.wixstatic.com/media/d0c909_162c1b1d635c4a699a97e8cf653fa79d~mv2_d_3880_5345_s_4_2.jpg/v1/fill/w_228,h_228,al_c,q_80,usm_0.66_1.00_0.01/d0c909_162c1b1d635c4a699a97e8cf653fa79d~mv2_d_3880_5345_s_4_2.jpg
https://static.wixstatic.com/media/d0c909_21b17d8896d041479dcde83dd59f1fc5~mv2_d_5874_3916_s_4_2.jpg/v1/fill/w_228,h_228,al_c,q_80,usm_0.66_1.00_0.01/d0c909_21b17d8896d041479dcde83dd59f1fc5~mv2_d_5874_3916_s_4_2.jpg
https://static.wixstatic.com/media/d0c909_4489a8852c4b43eca0f6b178e22dc831~mv2_d_5860_3907_s_4_2.jpg/v1/fill/w_228,h_228,al_c,q_80,usm_0.66_1.00_0.01/d0c909_4489a8852c4b43eca0f6b178e22dc831~mv2_d_5860_3907_s_4_2.jpg
https://static.wixstatic.com/media/d0c909_edf8efa9d7514a9ea2f4a9d15d370884~mv2_d_5885_3923_s_4_2.jpg/v1/fill/w_228,h_228,al_c,q_80,usm_0.66_1.00_0.01/d0c909_edf8efa9d7514a9ea2f4a9d15d370884~mv2_d_5885_3923_s_4_2.jpg
https://static.wixstatic.com/media/d0c909_e65b72465af74d56b370b89fd7a0a49f~mv2_d_6000_4000_s_4_2.jpg/v1/fill/w_228,h_228,al_c,q_80,usm_0.66_1.00_0.01/d0c909_e65b72465af74d56b370b89fd7a0a49f~mv2_d_6000_4000_s_4_2.jpg
https://static.wixstatic.com/media/d0c909_a4b5272a797e4555a24f6226babc4587~mv2_d_6000_4000_s_4_2.jpg/v1/fill/w_228,h_228,al_c,q_80,usm_0.66_1.00_0.01/d0c909_a4b5272a797e4555a24f6226babc4587~mv2_d_6000_4000_s_4_2.jpg
https://static.wixstatic.com/media/d0c909_b506950e2edf4415a5b412cf280f38b6~mv2_d_6000_4000_s_4_2.jpg/v1/fill/w_228,h_228,al_c,q_80,usm_0.66_1.00_0.01/d0c909_b506950e2edf4415a5b412cf280f38b6~mv2_d_6000_4000_s_4_2.jpg
https://static.wixstatic.com/media/d0c909_ecc65de32b3a47269446945610c9c0bb~mv2_d_5898_3932_s_4_2.jpg/v1/fill/w_228,h_228,al_c,q_80,usm_0.66_1.00_0.01/d0c909_ecc65de32b3a47269446945610c9c0bb~mv2_d_5898_3932_s_4_2.jpg
https://static.wixstatic.com/media/d0c909_4542310c5bb54c95a5afd9bb88949869~mv2_d_5910_3940_s_4_2.jpg/v1/fill/w_228,h_228,al_c,q_80,usm_0.66_1.00_0.01/d0c909_4542310c5bb54c95a5afd9bb88949869~mv2_d_5910_3940_s_4_2.jpg
https://static.wixstatic.com/media/d0c909_a3d01cd487154ae8a663faa2611fe429~mv2_d_5923_3949_s_4_2.jpg/v1/fill/w_228,h_228,al_c,q_80,usm_0.66_1.00_0.01/d0c909_a3d01cd487154ae8a663faa2611fe429~mv2_d_5923_3949_s_4_2.jpg
https://static.wixstatic.com/media/d0c909_180b7b77e74346fbb9dbd92353a47279~mv2_d_6000_4000_s_4_2.jpg/v1/fill/w_228,h_228,al_c,q_80,usm_0.66_1.00_0.01/d0c909_180b7b77e74346fbb9dbd92353a47279~mv2_d_6000_4000_s_4_2.jpg
https://static.wixstatic.com/media/d0c909_41c5518907c04bfd90bbe9fe7d809491~mv2_d_5936_3957_s_4_2.jpg/v1/fill/w_228,h_228,al_c,q_80,usm_0.66_1.00_0.01/d0c909_41c5518907c04bfd90bbe9fe7d809491~mv2_d_5936_3957_s_4_2.jpg
https://static.wixstatic.com/media/d0c909_e3a4acae33c64049a142f8407b811fcc~mv2_d_5974_3983_s_4_2.jpg/v1/fill/w_228,h_228,al_c,q_80,usm_0.66_1.00_0.01/d0c909_e3a4acae33c64049a142f8407b811fcc~mv2_d_5974_3983_s_4_2.jpg
https://static.wixstatic.com/media/d0c909_ed7b872fe5104317bf1280ec568bb134~mv2_d_6000_4000_s_4_2.jpg/v1/fill/w_228,h_228,al_c,q_80,usm_0.66_1.00_0.01/d0c909_ed7b872fe5104317bf1280ec568bb134~mv2_d_6000_4000_s_4_2.jpg
https://static.wixstatic.com/media/d0c909_a501e0ba1c37462e897c6101499dfe5a~mv2_d_6000_4000_s_4_2.jpg/v1/fill/w_228,h_228,al_c,q_80,usm_0.66_1.00_0.01/d0c909_a501e0ba1c37462e897c6101499dfe5a~mv2_d_6000_4000_s_4_2.jpg
https://static.wixstatic.com/media/d0c909_8445f1db2c8541f184c46d8d979a5d9d~mv2_d_4000_6000_s_4_2.jpg/v1/fill/w_228,h_228,al_c,q_80,usm_0.66_1.00_0.01/d0c909_8445f1db2c8541f184c46d8d979a5d9d~mv2_d_4000_6000_s_4_2.jpg
https://static.wixstatic.com/media/d0c909_7cb4a8a4369c4d6fa9ccd62429941dc7~mv2_d_4000_6000_s_4_2.jpg/v1/fill/w_228,h_228,al_c,q_80,usm_0.66_1.00_0.01/d0c909_7cb4a8a4369c4d6fa9ccd62429941dc7~mv2_d_4000_6000_s_4_2.jpg
https://static.wixstatic.com/media/d0c909_9cb34245bbc140f2989187363ed86a84~mv2_d_5961_3974_s_4_2.jpg/v1/fill/w_228,h_228,al_c,q_80,usm_0.66_1.00_0.01/d0c909_9cb34245bbc140f2989187363ed86a84~mv2_d_5961_3974_s_4_2.jpg
https://static.wixstatic.com/media/d0c909_92e5a36852a34026ac4582d040fbf3ea~mv2_d_6000_4000_s_4_2.jpg/v1/fill/w_228,h_228,al_c,q_80,usm_0.66_1.00_0.01/d0c909_92e5a36852a34026ac4582d040fbf3ea~mv2_d_6000_4000_s_4_2.jpg
https://static.wixstatic.com/media/d0c909_47b16250619747ddba7e2bd26b9f5307~mv2_d_6000_4000_s_4_2.jpg/v1/fill/w_228,h_228,al_c,q_80,usm_0.66_1.00_0.01/d0c909_47b16250619747ddba7e2bd26b9f5307~mv2_d_6000_4000_s_4_2.jpg
https://static.wixstatic.com/media/d0c909_b2ce1a96e5b44603aecba6008f76e2a2~mv2_d_6000_4000_s_4_2.jpg/v1/fill/w_228,h_228,al_c,q_80,usm_0.66_1.00_0.01/d0c909_b2ce1a96e5b44603aecba6008f76e2a2~mv2_d_6000_4000_s_4_2.jpg
https://static.wixstatic.com/media/d0c909_a7b7ac727ba446b895e90d1645d9c495~mv2_d_6000_4000_s_4_2.jpg/v1/fill/w_228,h_228,al_c,q_80,usm_0.66_1.00_0.01/d0c909_a7b7ac727ba446b895e90d1645d9c495~mv2_d_6000_4000_s_4_2.jpg
https://static.wixstatic.com/media/d0c909_875e31bb65964472a2e78049cbf6a623~mv2_d_6000_4000_s_4_2.jpg/v1/fill/w_228,h_228,al_c,q_80,usm_0.66_1.00_0.01/d0c909_875e31bb65964472a2e78049cbf6a623~mv2_d_6000_4000_s_4_2.jpg
https://static.wixstatic.com/media/2096a7_fdde0d22eb6a49179d3cf97a793aa1ee~mv2_d_4812_3662_s_4_2.jpg/v1/fill/w_228,h_228,al_c,q_80,usm_0.66_1.00_0.01/2096a7_fdde0d22eb6a49179d3cf97a793aa1ee~mv2_d_4812_3662_s_4_2.jpg
https://static.wixstatic.com/media/2096a7_4dcfab3a85584925b3a4e899b401fe10~mv2_d_3939_5909_s_4_2.jpg/v1/fill/w_228,h_228,al_c,q_80,usm_0.66_1.00_0.01/2096a7_4dcfab3a85584925b3a4e899b401fe10~mv2_d_3939_5909_s_4_2.jpg
https://static.wixstatic.com/media/2096a7_5f5677bf00364087a3e9f003b5facd9c~mv2_d_3992_5753_s_4_2.jpg/v1/fill/w_228,h_228,al_c,q_80,usm_0.66_1.00_0.01/2096a7_5f5677bf00364087a3e9f003b5facd9c~mv2_d_3992_5753_s_4_2.jpg
https://static.wixstatic.com/media/2096a7_986cb85a4d0f4a609e3992a8929028fe~mv2_d_1424_2048_s_2.jpg/v1/fill/w_228,h_228,al_c,q_80,usm_0.66_1.00_0.01/2096a7_986cb85a4d0f4a609e3992a8929028fe~mv2_d_1424_2048_s_2.jpg